Date,Day of the Week,Win/(Loss),Opening Range High,Opening Range Low,Daily High,Daily Low,Initial Range Size ($),Range Size (ticks),Range Size (points),First Candle Close Outside of Range Time,First Candle Close Price,First Candle Close Condition,First Candle Close Fully Outside of Open Range Time,First Fully Close Price,First Fully Close Condition,Max Distribution (%),Max Distribution/Drawdown (points),Max Distribution (Fully Outside) (%),Max Distribution/Drawdown (Fully Outside) (points),First Candle Cross Opposite Side Condition,First Candle Cross Opposite Side Time,First Candle Cross Opposite Side Price
2024-03-11,Monday,Win,5139.25,5134.0,5183.0,5112.75,5.25,21.0,1.3125,00:45:00,5140.75,Above Opening High,01:00:00,5142.75,Above Opening High,0.8151649623770016,10.5625,0.7765772718502798,10.0625,Crossed Below Opening Low,20:45:00,5134.25
2024-03-12,Tuesday,Win,5181.0,5175.25,5183.75,5153.0,5.75,23.0,1.4375,21:00:00,5175.0,Below Opening Low,22:30:00,5174.0,Below Opening Low,0.42693576557345236,5.5,0.4075295944110227,5.25,Crossed Above Opening High,01:45:00,5179.75
2024-03-13,Wednesday,Win,5174.5,5170.0,5189.5,5124.25,4.5,18.0,1.125,21:45:00,5174.75,Above Opening High,02:15:00,5176.0,Above Opening High,0.2842277676076693,3.6875,0.26014066865786684,3.375,Crossed Below Opening Low,09:30:00,5173.25
2024-03-14,Thursday,Win,5155.5,5147.5,5167.0,5114.0,8.0,32.0,2.0,05:00:00,5157.0,Above Opening High,05:15:00,5157.25,Above Opening High,0.19353590090961872,2.5,0.18869750338687827,2.4375,Crossed Below Opening Low,01:30:00,5147.5
2024-03-17,Sunday,Loss,5187.25,5181.75,5240.25,5183.25,5.5,22.0,1.375,21:00:00,5188.25,Above Opening High,21:45:00,5190.25,Above Opening High,0.9923190687467202,13.0,0.9541529507180001,12.5,Not Crossed,N/A,N/A
2024-03-18,Monday,Win,5210.75,5206.75,5244.75,5186.0,4.0,16.0,1.0,20:45:00,5205.25,Below Opening Low,21:00:00,5206.0,Below Opening Low,0.37119166988044733,4.8125,0.38565368299267255,5.0,Crossed Above Opening High,23:30:00,5210.0
2024-03-19,Tuesday,Win,5240.75,5236.25,5295.75,5233.0,4.5,18.0,1.125,21:00:00,5236.0,Below Opening Low,21:45:00,5234.5,Below Opening Low,0.05732849226065354,0.75,0.02866424613032677,0.375,Crossed Above Opening High,03:00:00,5240.25
2024-03-20,Wednesday,Win,5304.0,5299.5,5322.75,5299.0,4.5,18.0,1.125,22:30:00,5304.75,Above Opening High,23:00:00,5306.0,Above Opening High,0.33817105819360294,4.5,0.3146869569301583,4.1875,Crossed Below Opening Low,20:30:00,5300.0
2024-03-21,Thursday,Win,5311.0,5308.25,5311.75,5289.0,2.75,11.0,0.6875,21:30:00,5307.5,Below Opening Low,22:00:00,5304.25,Below Opening Low,0.34978256759311777,4.625,0.2883342786916241,3.8125,Crossed Above Opening High,05:00:00,5310.5
2024-03-24,Sunday,Win,5294.75,5291.0,5295.0,5272.5,3.75,15.0,0.9375,21:00:00,5290.75,Below Opening Low,22:30:00,5289.0,Below Opening Low,0.34613560929350407,4.5625,0.3129445234708393,4.125,Crossed Above Opening High,21:30:00,5293.75
2024-03-25,Monday,Win,5286.25,5282.0,5300.5,5263.0,4.25,17.0,1.0625,21:00:00,5286.75,Above Opening High,02:45:00,5290.0,Above Opening High,0.25940948967078575,3.4375,0.1980945193849637,2.625,Crossed Below Opening Low,23:30:00,5282.25
2024-03-26,Tuesday,Win,5276.25,5273.75,5313.75,5270.75,2.5,10.0,0.625,21:00:00,5276.5,Above Opening High,22:30:00,5277.0,Above Opening High,0.7010115266996001,9.3125,0.6916019760056458,9.1875,Crossed Below Opening Low,10:00:00,5277.0
2024-03-27,Wednesday,Win,5307.75,5302.5,5321.0,5301.0,5.25,21.0,1.3125,05:15:00,5301.5,Below Opening Low,09:15:00,5309.5,Above Opening High,0.009432182607055271,0.125,0.21612478857357642,2.875,Crossed Above Opening High,20:30:00,5306.75
2024-03-31,Sunday,Loss,5333.5,5327.25,5330.5,5282.25,6.25,25.0,1.5625,21:30:00,5327.0,Below Opening Low,22:30:00,5326.0,Below Opening Low,0.8471768659188793,11.1875,0.828245539306167,10.9375,Not Crossed,N/A,N/A
2024-04-01,Monday,Win,5291.0,5286.5,5296.0,5235.0,4.5,18.0,1.125,21:15:00,5291.25,Above Opening High,04:15:00,5294.0,Above Opening High,0.08969033232628398,1.1875,0.0377643504531722,0.5,Crossed Below Opening Low,01:15:00,5287.0
2024-04-02,Tuesday,Win,5260.25,5252.75,5280.75,5244.5,7.5,30.0,1.875,21:45:00,5251.5,Below Opening Low,01:45:00,5248.75,Below Opening Low,0.13347316236056822,1.75,0.08103727714748785,1.0625,Crossed Above Opening High,08:00:00,5258.5
2024-04-03,Wednesday,Win,5284.75,5273.75,5308.5,5194.25,11.0,44.0,2.75,06:45:00,5285.5,Above Opening High,08:45:00,5300.0,Above Opening High,0.4332674013374776,5.75,0.16012056136385042,2.125,Crossed Below Opening Low,14:00:00,5266.75
2024-04-04,Thursday,Win,5205.25,5191.5,5272.5,5191.5,13.75,55.0,3.4375,01:00:00,5205.75,Above Opening High,02:00:00,5207.0,Above Opening High,1.2660028449502134,16.6875,1.2422949265054528,16.375,Crossed Below Opening Low,20:30:00,5195.75
2024-04-07,Sunday,Win,5260.0,5249.25,5268.75,5236.5,10.75,43.0,2.6875,23:15:00,5248.0,Below Opening Low,23:30:00,5246.0,Below Opening Low,0.21961233648429296,2.875,0.18141888666093764,2.375,Crossed Above Opening High,08:30:00,5259.75
2024-04-08,Monday,Win,5257.5,5253.25,5274.25,5208.25,4.25,17.0,1.0625,21:45:00,5252.25,Below Opening Low,22:00:00,5251.75,Below Opening Low,0.8448135170162723,11.0,0.8352133634138146,10.875,Crossed Above Opening High,00:45:00,5257.0
2024-04-09,Tuesday,Win,5265.25,5261.25,5285.0,5176.5,4.0,16.0,1.0,00:15:00,5265.5,Above Opening High,07:30:00,5267.75,Above Opening High,0.36896877956480606,4.875,0.32639545884579,4.3125,Crossed Below Opening Low,05:45:00,5260.75
2024-04-10,Wednesday,Win,5202.0,5194.25,5257.5,5173.5,7.75,31.0,1.9375,21:45:00,5202.25,Above Opening High,22:15:00,5204.5,Above Opening High,1.0508796956728483,13.8125,1.0080836899667143,13.25,Crossed Below Opening Low,05:00:00,5197.0
2024-04-11,Thursday,Win,5246.5,5240.5,5248.75,5150.0,6.0,24.0,1.5,21:45:00,5247.25,Above Opening High,05:15:00,5236.0,Below Opening Low,0.02857823291259824,0.375,1.6699029126213591,21.5,Crossed Below Opening Low,04:45:00,5239.75
2024-04-14,Sunday,Win,5187.75,5171.25,5213.25,5094.0,16.5,66.0,4.125,01:00:00,5188.5,Above Opening High,02:30:00,5191.75,Above Opening High,0.4747518342684506,6.1875,0.41241068431400757,5.375,Crossed Below Opening Low,10:45:00,5170.5
2024-04-15,Monday,Win,5107.75,5100.0,5123.25,5078.75,7.75,31.0,1.9375,21:00:00,5097.25,Below Opening Low,22:30:00,5088.25,Below Opening Low,0.36426285995569774,4.625,0.1870539010583313,2.375,Crossed Above Opening High,07:00:00,5110.5
2024-04-16,Tuesday,Win,5107.0,5093.25,5120.5,5048.0,13.75,55.0,3.4375,01:45:00,5091.0,Below Opening Low,02:00:00,5083.75,Below Opening Low,0.8518225039619652,10.75,0.7082012678288431,8.9375,Crossed Above Opening High,04:30:00,5110.5
2024-04-17,Wednesday,Win,5069.0,5063.75,5095.25,5038.5,5.25,21.0,1.3125,21:45:00,5070.25,Above Opening High,22:00:00,5072.75,Above Opening High,0.49065305922182423,6.25,0.44158775329964184,5.625,Crossed Below Opening Low,05:30:00,5070.5
2024-04-18,Thursday,Win,5046.0,5027.75,5058.0,4963.5,18.25,73.0,4.5625,20:45:00,5024.25,Below Opening Low,21:00:00,5009.0,Below Opening Low,1.2239347234814144,15.1875,0.9166918505087137,11.375,Crossed Above Opening High,07:30:00,5044.5
2024-04-21,Sunday,Win,5023.75,5009.75,5076.75,5006.0,14.0,56.0,3.5,02:00:00,5027.0,Above Opening High,02:15:00,5027.25,Above Opening High,0.9799576500714039,12.4375,0.9750332397695375,12.375,Crossed Below Opening Low,20:30:00,5012.5
2024-04-22,Monday,Win,5049.0,5044.25,5112.75,5039.0,4.75,19.0,1.1875,21:30:00,5043.75,Below Opening Low,21:45:00,5042.0,Below Opening Low,0.09426473506648145,1.1875,0.05953562214725144,0.75,Crossed Above Opening High,20:45:00,5048.0
2024-04-23,Tuesday,Win,5120.0,5113.75,5128.75,5082.0,6.25,25.0,1.5625,21:15:00,5120.25,Above Opening High,22:00:00,5122.75,Above Opening High,0.1657323909334633,2.125,0.11698757007068,1.5,Crossed Below Opening Low,04:45:00,5113.5
2024-04-24,Wednesday,Win,5080.5,5071.5,5131.75,5022.25,9.0,36.0,2.25,20:45:00,5081.0,Above Opening High,01:15:00,5069.25,Below Opening Low,0.9889413942612169,12.6875,0.9358355318831202,11.75,Crossed Below Opening Low,01:00:00,5071.0
2024-04-25,Thursday,Win,5121.5,5116.75,5146.5,5104.5,4.75,19.0,1.1875,21:30:00,5124.0,Above Opening High,21:45:00,5123.0,Above Opening High,0.4371903235208394,5.625,0.45662100456621,5.875,Crossed Below Opening Low,04:45:00,5117.25
2024-04-28,Sunday,Win,5143.0,5137.25,5154.25,5118.75,5.75,23.0,1.4375,21:15:00,5143.5,Above Opening High,21:45:00,5146.0,Above Opening High,0.2085657467138769,2.6875,0.16006208468739389,2.0625,Crossed Below Opening Low,05:15:00,5138.25
2024-04-29,Monday,Win,5145.5,5141.75,5145.5,5054.25,3.75,15.0,0.9375,23:00:00,5141.5,Below Opening Low,01:15:00,5140.0,Below Opening Low,1.7262699708166394,21.8125,1.696591977049018,21.4375,Crossed Above Opening High,07:00:00,5145.0
2024-04-30,Tuesday,Win,5060.0,5052.75,5126.75,5037.75,7.25,29.0,1.8125,21:15:00,5060.5,Above Opening High,22:45:00,5061.5,Above Opening High,1.2922416735748767,16.5625,1.2727361388794072,16.3125,Crossed Below Opening Low,03:45:00,5051.0
2024-05-01,Wednesday,Win,5070.25,5060.0,5100.75,5036.25,10.25,41.0,2.5625,21:00:00,5071.25,Above Opening High,22:00:00,5073.0,Above Opening High,0.5783463216193696,7.375,0.5440376415233054,6.9375,Crossed Below Opening Low,09:45:00,5061.0
2024-05-02,Thursday,Win,5109.5,5103.25,5166.75,5099.25,6.25,25.0,1.5625,21:15:00,5110.0,Above Opening High,03:30:00,5100.25,Below Opening Low,1.0983693811390138,14.1875,0.019610727067706037,0.25,Crossed Below Opening Low,01:15:00,5103.5
2024-05-05,Sunday,Win,5163.25,5156.0,5207.75,5155.75,7.25,29.0,1.8125,04:15:00,5164.5,Above Opening High,04:30:00,5164.0,Above Opening High,0.8304930152177044,10.8125,0.8400940905381402,10.9375,Crossed Below Opening Low,20:30:00,5158.25
2024-05-06,Monday,Win,5207.25,5204.25,5226.75,5202.25,3.0,12.0,0.75,23:00:00,5207.5,Above Opening High,23:45:00,5208.25,Above Opening High,0.36829769933515094,4.8125,0.3539484383220931,4.625,Crossed Below Opening Low,20:30:00,5206.25
2024-05-07,Tuesday,Win,5216.0,5212.75,5218.0,5188.75,3.25,13.0,0.8125,22:15:00,5212.5,Below Opening Low,23:15:00,5212.0,Below Opening Low,0.45772103107684897,5.9375,0.44808479884365215,5.8125,Crossed Above Opening High,03:00:00,5215.75
2024-05-08,Wednesday,Win,5212.0,5207.5,5244.75,5195.0,4.5,18.0,1.125,00:15:00,5207.0,Below Opening Low,01:00:00,5206.5,Below Opening Low,0.23099133782483158,3.0,0.22136669874879694,2.875,Crossed Above Opening High,21:45:00,5211.5
2024-05-09,Thursday,Win,5246.0,5242.25,5264.0,5232.75,3.75,15.0,0.9375,21:45:00,5241.25,Below Opening Low,22:15:00,5241.75,Below Opening Low,0.16243848836653768,2.125,0.17199369356456928,2.25,Crossed Above Opening High,02:15:00,5246.25
2024-05-12,Sunday,Win,5244.75,5241.25,5264.0,5233.25,3.5,14.0,0.875,20:45:00,5245.0,Above Opening High,23:30:00,5248.5,Above Opening High,0.3609422492401216,4.75,0.2944528875379939,3.875,Crossed Below Opening Low,11:30:00,5244.25
2024-05-13,Monday,Win,5246.0,5244.0,5274.25,5216.75,2.0,8.0,0.5,20:45:00,5243.75,Below Opening Low,21:15:00,5242.5,Below Opening Low,0.5175636171946135,6.75,0.4936023386207888,6.4375,Crossed Above Opening High,02:00:00,5245.5
2024-05-14,Tuesday,Win,5273.5,5269.0,5337.25,5266.25,4.5,18.0,1.125,21:30:00,5273.75,Above Opening High,22:00:00,5274.0,Above Opening High,1.1897512764063891,15.875,1.1850672162630569,15.8125,Crossed Below Opening Low,20:30:00,5270.25
2024-05-15,Wednesday,Win,5340.75,5337.25,5349.0,5317.0,3.5,14.0,0.875,21:15:00,5341.0,Above Opening High,23:30:00,5342.75,Above Opening High,0.14956066554496167,2.0,0.1168442699570013,1.5625,Crossed Below Opening Low,20:30:00,5338.5
2024-05-16,Thursday,Win,5321.25,5318.5,5328.75,5305.75,2.75,11.0,0.6875,21:00:00,5321.75,Above Opening High,21:30:00,5322.75,Above Opening High,0.13136288998357964,1.75,0.11259676284306826,1.5,Crossed Below Opening Low,23:00:00,5318.5
2024-05-19,Sunday,Win,5336.5,5332.25,5348.25,5323.75,4.25,17.0,1.0625,03:00:00,5332.0,Below Opening Low,09:00:00,5329.5,Below Opening Low,0.15496595444940128,2.0625,0.10800657431321906,1.4375,Crossed Above Opening High,07:15:00,5336.0
2024-05-20,Monday,Win,5334.25,5330.25,5347.5,5322.5,4.0,16.0,1.0,03:30:00,5334.75,Above Opening High,09:00:00,5325.75,Below Opening Low,0.23842917251051893,3.1875,0.06106153123532175,0.8125,Crossed Below Opening Low,21:30:00,5332.5
2024-05-21,Tuesday,Win,5348.0,5345.75,5349.25,5306.75,2.25,9.0,0.5625,21:15:00,5345.5,Below Opening Low,02:15:00,5343.0,Below Opening Low,0.7302021010976587,9.6875,0.6830922881236162,9.0625,Crossed Above Opening High,21:45:00,5347.75
2024-05-22,Wednesday,Win,5342.0,5339.0,5368.25,5273.5,3.0,12.0,0.75,21:15:00,5342.25,Above Opening High,21:45:00,5345.25,Above Opening High,0.48432915754668654,6.5,0.42844502398360734,5.75,Crossed Below Opening Low,20:30:00,5339.0
2024-05-23,Thursday,Win,5292.0,5286.5,5329.25,5286.0,5.5,22.0,1.375,20:45:00,5292.5,Above Opening High,21:15:00,5293.5,Above Opening High,0.6895904677018342,9.1875,0.6708261012337571,8.9375,Crossed Below Opening Low,03:00:00,5287.0
2024-05-26,Sunday,Win,5318.0,5314.75,5334.75,5312.5,3.25,13.0,0.8125,21:45:00,5318.5,Above Opening High,01:00:00,5320.0,Above Opening High,0.3046065888748301,4.0625,0.2764890575940766,3.6875,Crossed Below Opening Low,22:30:00,5315.5
2024-05-27,Monday,Win,5328.25,5323.25,5339.0,5296.75,5.0,20.0,1.25,23:00:00,5329.0,Above Opening High,23:30:00,5330.0,Above Opening High,0.1873009926952613,2.5,0.16857089342573517,2.25,Crossed Below Opening Low,20:45:00,5324.5
2024-05-28,Tuesday,Loss,5321.75,5312.75,5319.0,5278.5,9.0,36.0,2.25,22:30:00,5312.0,Below Opening Low,22:45:00,5309.75,Below Opening Low,0.6346499952638059,8.375,0.5920242493132518,7.8125,Not Crossed,N/A,N/A
2024-05-29,Wednesday,Win,5267.5,5262.75,5277.0,5238.25,4.75,19.0,1.1875,22:30:00,5260.25,Below Opening Low,22:45:00,5260.25,Below Opening Low,0.4199875912757123,5.5,0.4199875912757123,5.5,Crossed Above Opening High,08:30:00,5271.5
2024-05-30,Thursday,Win,5246.0,5234.5,5307.0,5205.5,11.5,46.0,2.875,23:45:00,5246.5,Above Opening High,04:15:00,5249.25,Above Opening High,1.1400037686074995,15.125,1.0881854154889767,14.4375,Crossed Below Opening Low,20:30:00,5235.5
2024-06-02,Sunday,Win,5311.0,5299.0,5313.25,5246.75,12.0,48.0,3.0,03:45:00,5298.25,Below Opening Low,10:45:00,5281.25,Below Opening Low,0.9815600133415925,12.875,0.657549911850193,8.625,Crossed Above Opening High,00:45:00,5309.25
2024-06-03,Monday,Win,5303.5,5296.5,5312.25,5262.0,7.0,28.0,1.75,01:30:00,5296.0,Below Opening Low,02:30:00,5287.75,Below Opening Low,0.6461421512732801,8.5,0.48935765868491066,6.4375,Crossed Above Opening High,20:30:00,5302.5
2024-06-04,Tuesday,Win,5312.25,5309.0,5367.0,5305.5,3.25,13.0,0.8125,22:00:00,5314.0,Above Opening High,22:15:00,5313.75,Above Opening High,0.9875163033351966,13.25,0.9921743991056455,13.3125,Crossed Below Opening Low,20:45:00,5309.25
2024-06-05,Wednesday,Win,5370.25,5364.25,5373.25,5345.25,6.0,24.0,1.5,21:45:00,5370.75,Above Opening High,23:15:00,5372.25,Above Opening High,0.0465267761596799,0.625,0.018610710463871957,0.25,Crossed Below Opening Low,20:30:00,5367.25
2024-06-06,Thursday,Win,5365.25,5363.0,5385.5,5329.0,2.25,9.0,0.5625,21:00:00,5365.5,Above Opening High,21:30:00,5367.0,Above Opening High,0.37136756104354285,5.0,0.3435149939652771,4.625,Crossed Below Opening Low,04:45:00,5363.25
2024-06-09,Sunday,Win,5357.0,5351.75,5375.75,5338.25,5.25,21.0,1.3125,23:00:00,5358.25,Above Opening High,23:15:00,5358.5,Above Opening High,0.3255359717248756,4.375,0.32088545784309164,4.3125,Crossed Below Opening Low,02:00:00,5354.5
2024-06-10,Monday,Win,5367.5,5363.75,5386.25,5334.5,3.75,15.0,0.9375,01:45:00,5369.75,Above Opening High,02:00:00,5371.75,Above Opening High,0.3063355766999304,4.125,0.2692039916453934,3.625,Crossed Below Opening Low,20:30:00,5364.25
2024-06-11,Tuesday,Win,5387.25,5382.0,5454.5,5381.25,5.25,21.0,1.3125,01:45:00,5389.5,Above Opening High,02:00:00,5389.75,Above Opening High,1.1916765973049777,16.25,1.1870932257768814,16.1875,Crossed Below Opening Low,20:30:00,5383.25
2024-06-12,Wednesday,Win,5438.5,5434.5,5452.75,5408.5,4.0,16.0,1.0,23:00:00,5439.25,Above Opening High,23:15:00,5440.25,Above Opening High,0.247581495575627,3.375,0.22924212553298795,3.125,Crossed Below Opening Low,04:45:00,5435.75
2024-06-13,Thursday,Win,5439.0,5436.75,5443.0,5397.75,2.25,9.0,0.5625,21:45:00,5439.75,Above Opening High,22:30:00,5440.0,Above Opening High,0.05970971890501561,0.8125,0.055116663604629794,0.75,Crossed Below Opening Low,02:45:00,5436.0
2024-06-16,Sunday,Win,5438.75,5435.75,5494.0,5424.75,3.0,12.0,0.75,21:00:00,5433.25,Below Opening Low,21:15:00,5433.25,Below Opening Low,0.15668924835245862,2.125,0.15668924835245862,2.125,Crossed Above Opening High,20:30:00,5436.75
2024-06-17,Monday,Win,5485.5,5479.25,5494.0,5473.5,6.25,25.0,1.5625,21:00:00,5477.0,Below Opening Low,21:15:00,5477.5,Below Opening Low,0.06394445966931579,0.875,0.07307938247921805,1.0,Crossed Above Opening High,08:30:00,5475.75
2024-06-19,Wednesday,Win,5496.0,5493.25,5514.75,5458.5,2.75,11.0,0.6875,20:45:00,5497.25,Above Opening High,21:00:00,5498.0,Above Opening High,0.31733079468697584,4.375,0.30373090348610543,4.1875,Crossed Below Opening Low,10:00:00,5494.25
2024-06-20,Thursday,Win,5479.5,5475.0,5483.75,5460.5,4.5,18.0,1.125,20:45:00,5474.75,Below Opening Low,23:15:00,5480.25,Above Opening High,0.26096511308488235,3.5625,0.0638249373147937,0.875,Crossed Above Opening High,23:00:00,5479.75
2024-06-23,Sunday,Win,5539.0,5535.5,5558.5,5510.25,3.5,14.0,0.875,21:00:00,5527.75,Below Opening Low,21:15:00,5525.0,Below Opening Low,0.3175899460097092,4.375,0.26768295449389773,3.6875,Crossed Above Opening High,03:30:00,5540.0
2024-06-24,Monday,Win,5519.5,5516.5,5539.75,5511.0,3.0,12.0,0.75,20:45:00,5515.75,Below Opening Low,21:15:00,5515.5,Below Opening Low,0.08619125385592451,1.1875,0.08165487207403374,1.125,Crossed Above Opening High,21:45:00,5518.75
2024-06-25,Tuesday,Win,5537.0,5533.0,5551.75,5516.25,4.0,16.0,1.0,20:45:00,5538.0,Above Opening High,21:00:00,5537.75,Above Opening High,0.24766965371279323,3.4375,0.25217273832575315,3.5,Crossed Below Opening Low,07:15:00,5534.5
2024-06-26,Wednesday,Win,5526.0,5518.0,5555.0,5515.75,8.0,32.0,2.0,22:00:00,5526.75,Above Opening High,01:00:00,5527.25,Above Opening High,0.5085508550855086,7.0625,0.49954995499549953,6.9375,Crossed Below Opening Low,20:30:00,5520.0
2024-06-27,Thursday,Win,5556.5,5553.25,5585.0,5510.75,3.25,13.0,0.8125,20:45:00,5552.25,Below Opening Low,21:45:00,5560.75,Above Opening High,0.7530735380846527,10.375,0.43419874664279323,6.0625,Crossed Above Opening High,21:30:00,5558.75
2024-06-30,Sunday,Win,5535.0,5526.5,5541.0,5504.5,8.5,34.0,2.125,20:45:00,5535.25,Above Opening High,22:00:00,5536.75,Above Opening High,0.10377188233170907,1.4375,0.07670095650604584,1.0625,Crossed Below Opening Low,03:45:00,5528.5
2024-07-01,Monday,Win,5530.0,5521.0,5569.75,5502.75,9.0,36.0,2.25,22:30:00,5520.75,Below Opening Low,23:15:00,5520.25,Below Opening Low,0.32710917268638406,4.5,0.318022806778429,4.375,Crossed Above Opening High,09:30:00,5530.75
2024-07-02,Tuesday,Win,5566.5,5561.0,5595.75,5559.75,5.5,22.0,1.375,23:15:00,5560.0,Below Opening Low,09:45:00,5574.0,Above Opening High,0.004496605063177301,0.0625,0.3886878434526203,5.4375,Crossed Above Opening High,20:30:00,5565.75
2024-07-07,Sunday,Win,5615.5,5611.25,5637.5,5610.75,4.25,17.0,1.0625,01:45:00,5611.0,Below Opening Low,03:45:00,5618.5,Above Opening High,0.00445573229960344,0.0625,0.3370288248337029,4.75,Crossed Above Opening High,03:15:00,5615.25
2024-07-08,Monday,Win,5639.75,5634.75,5645.75,5628.25,5.0,20.0,1.25,21:45:00,5634.0,Below Opening Low,22:00:00,5633.75,Below Opening Low,0.10216319459867632,1.4375,0.09772131657264692,1.375,Crossed Above Opening High,01:00:00,5638.75
2024-07-09,Tuesday,Win,5636.0,5633.5,5690.5,5630.75,2.5,10.0,0.625,21:00:00,5636.25,Above Opening High,01:45:00,5630.75,Below Opening Low,0.9533432914506633,13.5625,0.0,0.0,Crossed Below Opening Low,21:45:00,5633.25
2024-07-10,Wednesday,Win,5684.0,5680.5,5707.75,5630.0,3.5,14.0,0.875,21:00:00,5680.0,Below Opening Low,00:00:00,5684.5,Above Opening High,0.8880994671403196,12.5,0.40734089614997154,5.8125,Crossed Above Opening High,21:45:00,5683.5
2024-07-11,Thursday,Win,5644.0,5635.25,5708.25,5621.25,8.75,35.0,2.1875,01:00:00,5635.0,Below Opening Low,09:45:00,5658.75,Above Opening High,0.24460751612185905,3.4375,0.8671659440283799,12.375,Crossed Above Opening High,20:30:00,5642.5
2024-07-14,Sunday,Win,5675.5,5668.75,5718.75,5666.0,6.75,27.0,1.6875,23:15:00,5675.75,Above Opening High,00:45:00,5676.5,Above Opening High,0.7519125683060109,10.75,0.7387978142076502,10.5625,Crossed Below Opening Low,15:45:00,5685.25
2024-07-15,Monday,Win,5694.0,5689.5,5721.25,5673.0,4.5,18.0,1.125,23:15:00,5694.25,Above Opening High,02:45:00,5688.25,Below Opening Low,0.47192484159930087,6.75,0.2688172043010753,3.8125,Crossed Below Opening Low,20:30:00,5689.5
2024-07-16,Tuesday,Win,5714.25,5710.5,5714.25,5631.75,3.75,15.0,0.9375,23:00:00,5709.75,Below Opening Low,23:45:00,5709.25,Below Opening Low,1.3850046610733786,19.5,1.376126426066498,19.375,Crossed Above Opening High,20:30:00,5713.75
2024-07-17,Wednesday,Win,5653.25,5648.25,5664.0,5570.25,5.0,20.0,1.25,21:45:00,5653.5,Above Opening High,02:30:00,5662.25,Above Opening High,0.1853813559322034,2.625,0.030896892655367235,0.4375,Crossed Below Opening Low,23:30:00,5649.25
2024-07-18,Thursday,Win,5605.5,5599.25,5607.5,5542.0,6.25,25.0,1.5625,01:45:00,5605.75,Above Opening High,03:00:00,5586.25,Below Opening Low,0.03120820329915292,0.4375,0.7984482136412847,11.0625,Crossed Below Opening Low,02:45:00,5593.75
2024-07-21,Sunday,Win,5573.0,5564.75,5616.0,5553.5,8.25,33.0,2.0625,21:15:00,5564.5,Below Opening Low,22:00:00,5556.5,Below Opening Low,0.198073287116233,2.75,0.05401998739533627,0.75,Crossed Above Opening High,04:00:00,5573.0
2024-07-22,Monday,Win,5609.25,5600.25,5629.75,5587.75,9.0,36.0,2.25,23:15:00,5599.25,Below Opening Low,23:30:00,5598.0,Below Opening Low,0.2058073464274529,2.875,0.18343698268533845,2.5625,Crossed Above Opening High,06:15:00,5611.75
2024-07-23,Tuesday,Win,5581.75,5574.75,5583.25,5462.0,7.0,28.0,1.75,21:15:00,5582.5,Above Opening High,00:15:00,5562.5,Below Opening Low,0.013433036313974836,0.1875,1.8399853533504211,25.125,Crossed Below Opening Low,23:30:00,5575.5
2024-07-24,Wednesday,Win,5490.0,5472.0,5533.25,5432.5,18.0,72.0,4.5,02:00:00,5461.5,Below Opening Low,03:45:00,5466.75,Below Opening Low,0.53382420616659,7.25,0.6304647952139899,8.5625,Crossed Above Opening High,11:00:00,5496.5
2024-07-25,Thursday,Loss,5458.75,5449.0,5528.25,5453.0,9.75,39.0,2.4375,21:30:00,5462.0,Above Opening High,21:45:00,5462.25,Above Opening High,1.1983900872789761,16.5625,1.1938678605345272,16.5,Not Crossed,N/A,N/A
2024-07-28,Sunday,Win,5525.5,5511.25,5534.5,5481.0,14.25,57.0,3.5625,01:30:00,5526.0,Above Opening High,10:30:00,5508.0,Below Opening Low,0.15358207606829885,2.125,0.49261083743842365,6.75,Crossed Below Opening Low,03:30:00,5509.5
2024-07-29,Monday,Win,5495.5,5485.75,5527.5,5433.0,9.75,39.0,2.4375,21:30:00,5484.5,Below Opening Low,21:45:00,5483.75,Below Opening Low,0.9479109147800477,12.875,0.9341063868949016,12.6875,Crossed Above Opening High,00:15:00,5496.25
2024-07-30,Tuesday,Loss,5484.5,5475.5,5588.5,5478.25,9.0,36.0,2.25,20:45:00,5485.25,Above Opening High,22:15:00,5492.25,Above Opening High,1.8475440637022458,25.8125,1.7222868390444661,24.0625,Not Crossed,N/A,N/A
2024-07-31,Wednesday,Win,5594.5,5584.75,5600.75,5444.75,9.75,39.0,2.4375,20:45:00,5582.5,Below Opening Low,21:45:00,5583.5,Below Opening Low,2.5299600532623168,34.4375,2.54832636943845,34.6875,Crossed Above Opening High,01:45:00,5596.25
2024-08-01,Thursday,Loss,5468.0,5449.25,5461.75,5331.75,18.75,75.0,4.6875,22:15:00,5433.0,Below Opening Low,22:30:00,5434.25,Below Opening Low,1.8990012660008442,25.3125,1.9224457260749284,25.625,Not Crossed,N/A,N/A
2024-08-04,Sunday,Loss,5328.75,5298.25,5318.0,5120.0,30.5,122.0,7.625,21:00:00,5289.75,Below Opening Low,00:00:00,5289.25,Below Opening Low,3.3154296875000004,42.4375,3.3056640625,42.3125,Not Crossed,N/A,N/A
2024-08-05,Monday,Win,5275.5,5257.25,5342.0,5221.75,18.25,73.0,4.5625,20:45:00,5286.25,Above Opening High,21:00:00,5300.25,Above Opening High,1.0436166229876451,13.9375,0.7815424934481467,10.4375,Crossed Below Opening Low,04:00:00,5251.25
2024-08-06,Tuesday,Win,5268.75,5240.25,5359.25,5222.25,28.5,114.0,7.125,21:30:00,5280.5,Above Opening High,21:45:00,5288.25,Above Opening High,1.4694220273359144,19.6875,1.3248122405187293,17.75,Crossed Below Opening Low,14:15:00,5248.75
2024-08-07,Wednesday,Loss,5220.5,5182.0,5360.25,5201.75,38.5,154.0,9.625,21:15:00,5223.0,Above Opening High,22:00:00,5230.75,Above Opening High,2.560514901357213,34.3125,2.4159320927195562,32.375,Not Crossed,N/A,N/A
2024-08-08,Thursday,Win,5359.75,5336.75,5385.25,5319.5,23.0,92.0,5.75,00:45:00,5333.25,Below Opening Low,04:45:00,5369.25,Above Opening High,0.2584829401259517,3.4375,0.29710784086161274,4.0,Crossed Above Opening High,04:00:00,5355.5
2024-08-11,Sunday,Win,5373.0,5362.0,5396.75,5347.75,11.0,44.0,2.75,22:45:00,5374.25,Above Opening High,03:45:00,5381.75,Above Opening High,0.4169175892898504,5.625,0.2779450595265669,3.75,Crossed Below Opening Low,21:00:00,5365.75
2024-08-12,Monday,Loss,5375.75,5367.5,5461.25,5368.5,8.25,33.0,2.0625,22:45:00,5376.5,Above Opening High,23:00:00,5378.25,Above Opening High,1.5518425268940261,21.1875,1.5197985809109635,20.75,Not Crossed,N/A,N/A
2024-08-13,Tuesday,Win,5459.25,5453.5,5487.75,5438.75,5.75,23.0,1.4375,21:30:00,5462.25,Above Opening High,21:45:00,5461.0,Above Opening High,0.4646713133798005,6.375,0.4874493189376338,6.6875,Crossed Below Opening Low,22:00:00,5453.25
2024-08-14,Wednesday,Win,5482.75,5472.5,5571.75,5471.75,10.25,41.0,2.5625,20:45:00,5483.25,Above Opening High,21:45:00,5485.25,Above Opening High,1.588369901736438,22.125,1.5524745367254453,21.625,Crossed Below Opening Low,07:00:00,5482.5
2024-08-15,Thursday,Win,5578.0,5566.5,5586.25,5536.5,11.5,46.0,2.875,01:30:00,5579.5,Above Opening High,01:45:00,5580.25,Above Opening High,0.1208324009845603,1.6875,0.10740657865294248,1.5,Crossed Below Opening Low,20:30:00,5568.25
2024-08-18,Sunday,Win,5589.75,5581.0,5631.75,5565.25,8.75,35.0,2.1875,00:30:00,5577.25,Below Opening Low,00:45:00,5579.25,Below Opening Low,0.21562373657966846,3.0,0.2515610260096132,3.5,Crossed Above Opening High,20:30:00,5589.25
2024-08-19,Monday,Win,5630.0,5627.75,5643.75,5607.75,2.25,9.0,0.5625,21:30:00,5631.0,Above Opening High,21:45:00,5632.0,Above Opening High,0.22591362126245848,3.1875,0.2081949058693245,2.9375,Crossed Below Opening Low,20:30:00,5628.25
2024-08-20,Tuesday,Win,5625.75,5619.0,5655.25,5613.5,6.75,27.0,1.6875,20:45:00,5626.0,Above Opening High,23:15:00,5627.75,Above Opening High,0.5172185137703903,7.3125,0.4862738163653242,6.875,Crossed Below Opening Low,12:00:00,5621.75
2024-08-21,Wednesday,Win,5647.25,5642.75,5665.25,5582.75,4.5,18.0,1.125,22:00:00,5640.75,Below Opening Low,22:15:00,5636.5,Below Opening Low,1.0389145134566298,14.5,0.9627871568671355,13.4375,Crossed Above Opening High,05:00:00,5647.25
2024-08-22,Thursday,Loss,5607.25,5601.5,5662.25,5602.75,5.75,23.0,1.4375,22:45:00,5607.75,Above Opening High,23:00:00,5608.0,Above Opening High,0.9625149013201465,13.625,0.9580996953507882,13.5625,Not Crossed,N/A,N/A
2024-08-25,Sunday,Win,5653.5,5642.0,5669.0,5619.75,11.5,46.0,2.875,20:45:00,5655.0,Above Opening High,21:00:00,5656.5,Above Opening High,0.24695713529723057,3.5,0.22049744222967013,3.125,Crossed Below Opening Low,10:30:00,5636.0
2024-08-26,Monday,Win,5636.0,5630.0,5649.5,5611.5,6.0,24.0,1.5,20:45:00,5628.5,Below Opening Low,01:15:00,5636.5,Above Opening High,0.30294930054352665,4.25,0.23010885919107885,3.25,Crossed Above Opening High,20:30:00,5632.5
2024-08-27,Tuesday,Win,5638.75,5632.5,5650.5,5577.5,6.25,25.0,1.5625,21:30:00,5639.0,Above Opening High,22:15:00,5641.5,Above Opening High,0.20352181222900628,2.875,0.15927794000530926,2.25,Crossed Below Opening Low,10:00:00,5635.75
2024-08-28,Wednesday,Loss,5584.75,5568.75,5663.75,5577.5,16.0,64.0,4.0,22:30:00,5586.5,Above Opening High,22:45:00,5588.25,Above Opening High,1.3639373206797618,19.3125,1.333039064224233,18.875,Not Crossed,N/A,N/A
2024-08-29,Thursday,Win,5619.0,5608.25,5665.0,5594.25,10.75,43.0,2.6875,22:15:00,5621.25,Above Opening High,22:30:00,5622.0,Above Opening High,0.7722859664607238,10.9375,0.7590467784642542,10.75,Crossed Below Opening Low,11:30:00,5611.5
